,Journal title
0,Psychological Medicine
1,Biomacromolecules
2,Journal of Medicial Chemistry
3,Journal of Medicial Chemistry
4,Journal of Org Chemistry
5,Journal Of Medicinal Chemistry
6,Journal Of Proteome Research
7,Molecular Pharm
8,Chemical Biology
9,Chemical Biology
10,Journal Of Chemical Information And Modeling
11,Journal Of Medicinal Chemistry
12,Journal Of Medicinal Chemistry
13,Biochemistry
14,Journal Of Medicinal Chemistry
15,Gastroenterology
16,Journal Of Biological Chemistry
17,Journal Of Immunology
18,Journal Of Immunology
19,Chemical Biology
20,Chemical Biology
21,Chemical Biology
22,Chemical Neuroscience
23,Nano
24,American Chemical Society
25,Analytical Chemistry
26,Analytical Chemistry
27,Analytical Chemistry
28,Bioconjugate Chemistry
29,Journal Of Medicinal Chemistry
30,Journal Of Medicinal Chemistry
31,Journal Of Medicinal Chemistry
32,Journal Of Proteome Research
33,Journal Of The American Chemical Society
34,Nano
35,Chest
36,Journal Of Neurophysiology
37,Journal Of Neurophysiology
38,Journal Of Neurophysiology
39,Journal Of Neurophysiology
40,Journal Of Neurophysiology
41,Journal Of Physiology
42,The Journal Of Neurophysiology
43,American Journal Of Psychiatry
44,Americal Journal Of Psychiatry
45,Behavioral Neuroscience
46,Behavioral Neuroscience
47,Behavioral Neuroscience
48,Emotion
49,Health Psychology
50,Journal Of Abnormal Psychology
51,Journal Of Consulting And Clinical Psychology
52,Journal Of Experimental Psychology: Animal Behaviour Process
53,Journal Of Experimental Psychology: Human Perception And Performance
54,Journal Of Family Psychology
55,Psychological Assessment
56,Psychological Review
57,"Psychological Trauma: Theory Research, Practice And Policy"
58,Journal Of Experimental Psychology: Human Perception And Performance
59,American Journal Of Public Health
60,Journal Of Biological Chemistry
61,Journal Of Biological Chemistry
62,Journal of Biol Chem.
63,Journal of Biol Chem.
64,Journal Of Biological Chemistry
65,Journal Of Biological Chemistry
66,Journal Of Biological Chemistry
67,Journal Of Biological Chemistry
68,Journal Of Biological Chemistry
69,Journal Of Biological Chemistry
70,Journal Of Biological Chemistry
71,Journal Of Biological Chemistry
72,Journal Of Biological Chemistry
73,Journal Of Biological Chemistry
74,Journal Of Biological Chemistry
75,Journal Of Biological Chemistry
76,Journal Of Biological Chemistry
77,Journal Of Biological Chemistry
78,Journal Of Biological Chemistry
79,Journal Of Biological Chemistry
80,The Journal Of Biological Chemistry
81,American Journal Of Pathology
82,Antimicrobial Agents And Chemotherapy
83,Antimicrobial Agents And Chemotherapy
84,Antimicrobial Agents And Chemotherapy
85,Antimicrobial Agfents And Chemotherapy
86,Clinical And Vaccine Immunology
87,Eukaryotic Cell
88,Eukaryotic Cell
89,Infection And Immunity
90,Infection And Immunity
91,Infection And Immunity
92,Journal Of Bacteriology
93,Journal Of Virology
94,Journal Of Virology
95,Journal Of Virology
96,Mbio
97,Molecular And Cellular Biology
98,Journal Of Clinical Microbiology
99,Journal Of Virology
100,American Society For Nutrition
101,Blood
102,Blood
103,Blood Journal 2012
104,Blood
105,Blood
106,Blood
107,Blood
108,Blood
109,Blood Journal 2012
110,The American Journal Of Human Genetics
111,Jounral Of Clinical Microbiology
112,Journal Of Virology
113,Journal Of Virology
114,Speech Language And Hearing Research
115,Biological Chemistry
116,Biological Chemistry
117,Journal of Biol Chem.
118,Journal of Biol Chem.
119,Journal of Biol Chem.
120,Journal of Biol Chemistry
121,Journal Of Biological Chemistry
122,Journal Of Biological Chemistry
123,Journal Of Biological Chemistry
124,Journal Of Biological Chemistry
125,Journal Of Biological Chemistry
126,Journal Of Biological Chemistry
127,Journal Of Biological Chemistry
128,Journal Of Biological Chemistry
129,Journal Of Biological Chemistry
130,Journal Of Biological Chemistry
131,Journal Of Biological Chemistry
132,Journal Of Biological Chemistry
133,Journal Of Biological Chemistry
134,Journal Of Biological Chemistry
135,Journal Of Biological Chemistry
136,Journal Of Biological Chemistry
137,Journal Of Biological Chemistry
138,Journal Of Biological Chemistry
139,Journal Of Biological Chemistry
140,Journal Of Biological Chemistry
141,Journal Of Biological Chemistry
142,Journal Of Biological Chemistry
143,Journal Of Biological Chemistry
144,Journal Of Biological Chemistry
145,Journal Of Biological Chemistry
146,Journal Of Biological Chemistry
147,Journal Of Biological Chemistry
148,Journal Of Biological Chemistry
149,Journal Of Biological Chemistry
150,Journal Of Biological Chemistry
151,Journal Of Biological Chemistry
152,Journal Of Biological Chemistry
153,Mcp (molecular & Cellular Proteomics)
154,Molecular And Cellular Proteomics
155,The Journal Of Biological Chemistry
156,The Journal Of Biological Chemistry
157,The Journal Of Biological Chemistry
158,The Journal Of Biological Chemistry
159,The Journal Of Biological Chemistry
160,The Journal Of Biological Chemistry
161,Jnl Biological Chemistry
162,Journal Biological Chemistry
163,Journal Of Biological Chemistry
164,Journal Of Biol Chemistry
165,Infection And Immunity
166,Journal Of Virology
167,Antimicrobial Agents And Chemotherapy
168,Journal Of Vision
169,Current Topics In Medicinal Chemistry
170,Current Analytical Chemistry
171,"Evidence, Ethos And Experiment: The Anthropology And History Of Medical Research In Africa."
172,"Evidence, Ethos And Experiment: The Anthropology And History Of Medical Research In Africa."
173,Biochem Journal
174,Molecular Cell
175,Arthritis Research & Therapy
176,Biomed Central
177,Bmc Public Health
178,Bmc Biology
179,Bmc Genetics
180,Bmc Genome Biology
181,Bmc Genomics
182,Bmc Genomics
183,Bmc Genomics
184,Bmc Health Services Research
185,Bmc Medical Genetics
186,Bmc Medicine
187,Bmc Medicine
188,Bmc Microbiology
189,Bmc Molecular Biology
190,Bmc Neurology
191,Bmc Neuroscience
192,Bmc Psychiatry
193,Bmc Psychiatry
194,Bmc Public Health
195,Bmc Public Health
196,Bmc Public Health
197,Bmc Research Notes
198,Bmc Veterinary Research
199,Bms Genomics
200,Clinical Proteomics
201,Evodevo
202,Genome Biology
203,Genome Biology
204,Genome Biology
205,Genome Medicine
206,International Journal For Equity In Health
207,International Journal Of Behavioral Nutrition And Physical Activity
208,International Journal Of Behavioural Nutrition And Physical Activity
209,International Journal Of Health Geographics
210,Journal Of Cheminformatics
211,Journal Of Neuroinflammation
212,Lipids In Health And Disease
213,Malaria Journal
214,Malaria Journal
215,Malaria Journal
216,Molecular Brain
217,Molecular Brain
218,Molecular Pain
219,Nutrition Journal
220,Orphanet Journal Of Rare Diseases
221,Parasites And Vectors
222,Public Health
223,Respiratory Research
224,Respiratory Research
225,Virology Journal
226,Bmc Genomics
227,Bmc Genomics.
228,Bmc Infectious Diseases
229,Hum Resour Health
230,Implement Sci.
231,Malaria Journal
232,Malaria Journal
233,Parasit Vectors.
234,Respiratory Research
235,Aids Research And Therapy
236,Bmc Pediatrics
237,Bmc Public Health
238,Bmc Public Health
239,Bmc Public Health
240,Human Resources For Health
241,Trials
242,Bmc Infectious Diseases
243,Veterinary Research
244,Biophysical Journal
245,Biophysical Journal
246,European Journal Of Endocrinology
247,Journal Of Endocrinology
248,Journal Of Molecular Endocrinology
249,Journal Of Molecular Endocrinology
250,"Reproduction(cambridge, England)"
251,Cellular Microbiology
252,Arthritis Research And Therapy
253,Bmc Health Services Research
254,Bmc Infectious Diseases
255,Bmc Medical Ethics
256,Bmc Medical Imaging
257,Bmc Medicine
258,Bmc Public Health
259,Bmc Public Health
260,Bmc Public Health
261,Bmc Public Health
262,Bmc Public Health
263,Bmc Public Health
264,Bmc Public Health
265,Bmc Public Health
266,Cost Effectiveness And Resource Allocation
267,Genome Medicine
268,Malaria Journal
269,Malaria Journal
270,Malaria Journal
271,Malaria Journal
272,Orphanet Journal Of Rare Diseases
273,Parasites And Vectors
274,Trials
275,Trials
276,Trials
277,Trials
278,Bjophthalmol
279,Bmj
280,Bmj
281,Bmj
282,Bmj Open
283,Bmj Open
284,Bmj Open
285,Bmj Open
286,British Journal Of Ophthalmology
287,British Journal Of Opthalmology
288,British Medical Journal
289,Frontline Gastroenterology
290,Frontline Gastroenterology
291,Frontline Gastroenterology
292,Journal Of Clinical Pathology
293,Journal Of Epidemiology & Community Health
294,Journal Of Medical Ethics
295,Journal Of Medical Genetics
296,Journal Of Medical Genetics
297,"Journal Of Neurology, Neurosurgery & Psychiatry"
298,"Journal Of Neurology, Neurosurgery & Psychiatry"
299,"Journal Of Neurology, Neurosurgery And Psychiatry"
300,Sexually Transmitted Infections
301,Bmj
302,Gut
303,Archives Of Disease In Childhood
304,Archives Of Disease In Childhood
305,Bmj
306,Bmj Open
307,Bmj Open
308,Bmj Quality And Safety
309,Gut
310,Gut
311,Heart
312,Journal Of Epidemiology & Community Health
313,Journal Of Medical Ethics
314,Medical Humanities
315,Sexually Transmitted Infections
316,Thorax
317,Thorax
318,Sex Transm Infect.
319,Archives Of Disease In Childhood
320,Bmj
321,Bmj Open
322,Bmj Open
323,Journal Of Epidemiology And Community Health
324,"Journal Of Neurology, Neurosurgery And Psychiatry"
325,"Journal Of Neurology, Neurosurgery And Psychiatry"
326,Postgraduate Medical Journal
327,Postgraduate Medical Journal
328,Veterinary Record
329,Bmj
330,Bmj
331,Bmj
332,Bmj
333,Thorax An International Journal For Respiratory Medicine
334,European Journal Of Health Law
335,Bmj Open
336,"Journal Of Neurology, Neurosurgery And Psychiatry"
337,Biophysical Journal
338,Jnl Biological Chemistry
339,Journal Of Neuroscience
340,Heart And Circulatory Physiology
341,Journal Of Biological Chemistry
342,Antimicobial Agents And Chemotherapy
343,Infection And Immunity
344,Journal of Clin Microbiol
345,Journal Of Bacteriology
346,Journal Of Clinical Microbiology
347,Mbio
348,International Psychogeriatrics
349,Parasitology
350,Medical History
351,Medical History
352,Medical History
353,Ageing & Society
354,British Journal For The History Of Science
355,British Journal Of The History Of Science
356,Epidemiology And Infection
357,Epidemiology And Infection
358,Expert Reviews In Molecular Medicine
359,International Journal Of Law In Context
360,Jnl Of The International Neuropsychological Society
361,Medical History
362,Medical History
363,Parasitology
364,Parasitology
365,Parasitology
366,Parasitology
367,Parasitology
368,Psychological Medicine
369,Public Health Nutrition
370,Psychological Medicine
371,Urban History
372,Visual Neuroscience
373,Journal Of Neurophysiology
374,American Journal Of Human Genetics
375,Stem Cell Reports
376,Journal Of Clinical Endocrinology And Metabolism
377,Journal Of Virol
378,Journal Of The International Aids Society
379,Genes & Development
380,Learning And Memory
381,Genes & Development
382,Genome Research
383,Genome Research
384,Rna
385,Rna
386,Journal Of Cell Science
387,Biology Open
388,Biology Open
389,Biology Open
390,Development
391,Development
392,Development
393,Development
394,Development
395,Development
396,Development
397,Developmental Cell
398,Disease Models And Mechanisms
399,Journal of Cell Sci.
400,Journal Of Cell Science
401,Journal Of Cell Science
402,Journal Of Cell Science
403,Journal Of Cell Science
404,Journal Of Cell Science
405,Journal Of Cell Science
406,International Reviews Of Immunology
407,Learning And Memory
408,Journal Of The International African Institute
409,Journal Of The International African Institute
410,Journal Of The International African Institute
411,Psychological Medicine
412,Psychological Medicine
413,Psychological Medicine
414,Public Health Nutrition
415,Cell Reports
416,American Journal For Clinical Nutrition
417,American Journal Of Clinical Nutrition
418,Cell Press - Cell Reports
419,Cell Reports
420,Cell Reports
421,Cell Reports
422,Cell Reports
423,Cell Reports
424,"G3: Genes, Genomes, Genetics"
425,Genetics
426,Genetics
427,Journal of Immunol
428,Journal Of Immunology
429,Proceedings Of The National Academy Of Sciences
430,Proceedings Of The National Academy Of Sciences
431,Proceedings Of The National Academy Of Sciences
432,The Journal Of Immunology
433,Journal of Immunol
434,Cell Reports
435,Journal Of Nutrition
436,Pnas
437,Neuroimage
438,Neuroimage
439,Academy Of Nutrition And Dietetics
440,American Journal Of Geriatric Psychiatry
441,American Journal Of Human Genetics
442,American Journal Of Human Genetics
443,American Journal Of Human Genetics
444,American Journal Of Human Genetics
445,American Journal Of Preventive Medicine
446,American Journal Of Preventive Medicine
447,Analytical Biochemistry
448,Animal Behaviour
449,Animal Behaviour
450,Applied Energy
451,Asian Journal Of Psychiatry
452,Asian Journal Of Psychiatry
453,Atherosclerosis
454,Atherosclerosis
455,Bba - Molecular Basis Of Disease
456,Behavior Research And Therapy
457,Behavior Research And Therapy
458,Behaviour Research And Therapy
459,Behaviour Research And Therapy
460,Behavioural Brain Research
461,Biochemical And Biophysical Research Communications
462,Biochemical And Biophysical Research Communications
463,Biochemical Pharmacology
464,Biochimica Et Bioohysica Acta - Gene Regulatory Mechanisms
465,Biochimica Et Bioohysica Acta - Molecular Basis Of Disease
466,Biochimica Et Biophysica Acta - Molecular Basis Of Disease
467,Biochimica Et Biophysica Acta (bba) - Molecular Cell Research
468,Biochimie
469,Biological Psychiatry
470,Biological Psychiatry
471,Biological Psychiatry
472,Biological Psychiatry
473,Biological Psychology
474,Biomaterials
475,Biomaterials
476,Biosystems
477,Bone
478,Bone
479,Bone
480,Brain And Cognition
481,Brain And Cognition
482,Brain And Language
483,Brain And Language
484,Brain Research
485,Brain Research
486,Cancer Letters
487,Cell
488,Cell
489,Cell
490,Cell
491,Cell
492,Cell Calcium
493,Cell Host And Microbe
494,Cell Journal
495,Cell Metabolism
496,Cell Metabolism
497,Cell Reports
498,Cell Reports
499,Cell Stem Cell
500,Cell Stem Cell
501,Cellular Signalling
502,Cellular Signalling
503,Chemsitry & Biology
504,Clinical Neurology And Neurosurgery
505,Clinical Radiology
506,Cognition
507,Cognitive Development
508,Consciousness & Cognition
509,Consciousness And Cognition
510,Consciousness And Cognition
511,Cortex
512,Cortex
513,Cortex
514,Cortex
515,Cortex
516,Current Biology
517,Current Biology
518,Current Biology
519,Current Biology
520,Current Biology
521,Current Biology
522,Current Biology
523,Current Biology
524,Current Biology
525,Current Biology
526,Current Biology
527,Current Opinion In Neurobiology
528,Current Opinion Microbiology
529,Current Opinions In Neurobiology
530,Development Cell
531,Developmental Biology
532,Developmental Cell
533,Developmental Cell
534,Developmental Cell
535,Developmental Cell
536,Developmental Cell
537,Developmental Cell
538,Developmental Cell
539,Developmental Cell
540,Developmental Cell
541,Developmental Cell
542,Developmental Cell
543,Developmental Cognitive Neuroscience
544,Developmental Cognitive Neuroscience
545,Diagnostic Microbiology And Infectious Disease
546,Elsevier
547,Elsevier
548,Elsevier
549,Elsevier
550,Elsevier
551,Elsevier
552,Elsevier
553,Endeavour
554,Endeavour
555,Epilepsy Research
556,European Journal Of Cell Biology
557,European Journal Of Medical Genetics
558,European Journal Of Medical Genetics
559,European Neuropsychopharmacology
560,Experimental Cell Research
561,Experimental Eye Research
562,Experimental Hematology
563,Experimental Neurology
564,Experimental Neurology
565,Experimental Parasitology
566,Experimental Parasitology
567,Febs Letters
568,Febs Letters
569,Febs Letters
570,Febs Letters
571,Febs Open Bio
572,Fertility And Sterility
573,Fertility And Sterility
574,Fertility And Sterility
575,Free Radical And Biology Medicine
576,Fungal Biology
577,Fungal Ecology
578,Gastroenterology
579,Gene
580,Gene
581,Gene
582,Gene Therapy
583,Health & Place
584,Health And Place
585,Immnunobiology
586,Immunity
587,Immunity
588,Immunology Letters
589,Infection Genetics And Evolution
590,Int Journal For Parasitology
591,International Health
592,International Journal For Parasitology
593,International Journal Of Applied Earth Observation And Geoinformation
594,International Journal Of Biochemistry & Cell Biology
595,International Journal Of Cardiology
596,International Journal Of Cardiology
597,International Journal Of Cardiology
598,International Journal Of Parasitology
599,Journal of Molecular Biol
600,Journal of Steroid Biochem Molecular Biol
601,Journal Of Affective Disorders
602,Journal Of Affective Disorders
603,Journal Of Affective Disorders
604,Journal Of Affective Disorders
605,Journal Of Allergy & Clinical Immunology
606,Journal Of Allergy & Clinical Immunology
607,Journal Of Allergy And Clinical Immunology
608,Journal Of Allergy And Clinical Immunology
609,Journal Of Allergy And Clinical Immunology
610,Journal Of Anthropological Archaeology
611,Journal Of Archaeological Science
612,Journal Of Behavior Therapy And Experimental Psychiatry
613,Journal Of Behavior Therapy And Experimental Psychiatry
614,Journal Of Behaviour Therapy And Experimental Psychiatry
615,Journal Of Clinical Epidemiology
616,Journal Of Clinical Virology
617,Journal Of Cycstic Fibrosis
618,Journal Of Hepatology
619,Journal Of Hepatology
620,Journal Of Historical Geography
621,Journal Of Hospital Infections
622,Journal Of Infection
623,Journal Of Mechanisms Of Ageing And Development
624,Journal Of Molecular Biology
625,Journal Of Molecular Biology
626,Journal Of Molecular Biology
627,Journal Of Neuroscience Methods
628,Journal Of Neuroscience Methods
629,Journal Of Nutrition Education And Behaviour
630,Journal Of Paediatric Urology
631,Journal Of Proteomics
632,Journal Of Proteomics
633,Journal Of Structural Biology
634,Journal Of Structural Biology
635,Journal Of Structural Biology
636,Journal Of Structural Biology
637,Journal Of Structural Biology
638,Journal Of Structural Biology
639,Journal Of Structural Biology
640,Journal Of Structural Biology
641,Journal Of The American Academy Of Child And Adolescent Psychiatry
642,Journal Of The American College Of Cardiology
643,Journal Of The Neurological Sciences
644,Journal Of Transport Geography
645,Journal Of Virological Methods
646,Journal Of Virology
647,Journal Of Virology
648,Lancet
649,Lancet Global Health
650,Learning And Individual Differences
651,Matrix Biology
652,Matrix Biology
653,Matrix Biology
654,Maturitas
655,Mechanisms Of Ageing And Development
656,Mechanisms Of Ageing And Development
657,Microbes And Infection
658,Microbes Infect
659,Molecular Bio
660,Molecluar & Cellular Endocrinology
661,Molecular & Biochemical Parasitology
662,Molecular & Biochemical Parasitology
663,Molecular And Cellular Endocrinology
664,Molecular And Cellular Endocrinology
665,Molecular And Cellular Endocrinology
666,Molecular Biology
667,Molecular Cell
668,Molecular Cell
669,Molecular Cell
670,Molecular Cell
671,Molecular Genetics And Metabolism
672,Molecular Immunology
673,Molecular Immunology
674,Molecular Immunology
675,Molecular Phylogenetics And Evolution
676,N Biotechnol.
677,Neurobiology Of Aging
678,Neurobiology Of Aging
679,Neurobiology Of Aging
680,Neurobiology Of Aging
681,Neurobiology Of Aging
682,Neurobiology Of Aging
683,Neurobiology Of Aging
684,Neurobiology Of Aging
685,Neurobiology Of Disease
686,Neurobiology Of Learning And Memory
687,Neurochemistry International
688,Neurochemistry International
689,Neuroimage
690,Neuroimage
691,Neuroimage
692,Neuroimage
693,Neuroimage
694,Neuroimage
695,Neuroimage
696,Neuroimage
697,Neuroimage
698,Neuroimage
699,Neuroimage
700,Neuroimage
701,Neuroimage
702,Neuroimage
703,Neuroimage
704,Neuroimage
705,Neuroimage
706,Neuroimage
707,Neuroimage
708,Neuroimage
709,Neuroimage
710,Neuroimage
711,Neuroimage
712,Neuroimage
713,Neuroimage
714,Neuroimage
715,Neuroimage
716,Neuroimage: Clinical
717,Neuroimage: Clinical
718,Neuroimage: Clinical
719,Neuroimage: Clinical
720,Neuroimage: Clinical
721,Neuroimage
722,Neuroimage
723,Neuromuscular Disorders
724,Neuron
725,Neuron
726,Neuron
727,Neuron
728,Neuron
729,Neuron
730,Neuron
731,Neuropharmacology
732,Neuropharmacology
733,Neuropharmacology
734,Neurophysiologia
735,Neuropsychologia
736,Neuropsychologia
737,Neuropsychologia
738,Neuropsychologia
739,Neuropsychologia
740,Neuropsychologia
741,Neuropsychologia
742,Neuroscience
743,Neuroscience
744,Neuroscience
745,Neuroscience And Behavioural Reviews
746,Neuroscience Letters
747,Neuroscience Letters
748,Neuroscience Letters
749,Nitric Oxide
750,Ophthalmology
751,Osteoarthritis And Cartilage
752,Pain
753,Pain
754,Pain
755,Pain
756,Parkinsonism And Related Disorders
757,Parasitology
758,Personality And Individual Differences
759,Preventive Medicine
760,Preventive Medicine
761,Preventive Medicine
762,Preventive Medicine
763,Preventive Medicine
764,Preventive Medicine
765,Protein Expr Purif.
766,Protist
767,Public Health
768,Pulmonary Pharmacology & Therapeutics
769,Research In Veterinary Science
770,Schizophrenia Research
771,Schizophrenia Research
772,Seizure
773,Seminars In Oncology
774,Social Science & Medicine
775,Social Science And Medicine
776,Social Science And Medicine
777,Social Science And Medicine
778,Social Science And Medicine
779,Social Science And Medicine
780,Stem Cell Research
781,Structure
782,Structure
783,Structure
784,Structure
785,Structure
786,Structure
787,Studies In History And Philosophy Of Science Part C
788,Studies In History And Philosophy Of Science Part C: Studies In History And Philosophy Of Biological And Biomedical Sciences
789,Tetrahedron Letters
790,The Americal Journal Of Human Genetics
791,The American Journal Of Human Genetics
792,The American Journal Of Human Genetics
793,The American Journal Of Human Genetics
794,The International Journal Of Biochemistry & Cell Biology
795,The Journal Of Steroid Biochemistry & Molecular Biology
796,The Lancet
797,The Lancet
798,The Lancet
799,The Lancet Neurology
800,The Lancet Neurology
801,The Vet. Journal
802,Ticks And Tick-borne Diseases
803,Transactions Of The Royal Society Of Tropical Medicine And Hygiene
804,Trends In Cognitive Science
805,Trends In Genetics
806,Trends In Genetics
807,Trends In Microbiology
808,Trends In Molecular Medicine
809,Trends In Neuroscience
810,Trends In Neurosciences
811,Trends In Neurosciences
812,Trends In Parasitology
813,Trends In Parasitology
814,Trends In Parasitology
815,Trends In Parasitology
816,Tuberculosis
817,Tuberculosis
818,Vaccine
819,Vaccine
820,Vaccine
821,Vaccine
822,Vascular Pharmacology
823,Veterinary Microbiology
824,Veterinary Parasitology
825,Veterinary Parasitology
826,Virology
827,Virus Research
828,Vision Research
829,Vision Research
830,American Journal Of Preventive Medicine
831,Cell Metabolism
832,Febs Letters
833,Journal Of Molecular Biology
834,Lancet
835,Lancet Infect Dis
836,Math Biosci
837,Social Science & Medicine
838,Neuron
839,Neuron
840,Structure
841,Curr Biol.
842,Febs Open Bio
843,Vaccine
844,Cell Host & Microbe
845,Endocrinology
846,Endocrinology
847,Journal Of Clinical Endocrinology And Metabolism
848,Journal Of Clinical Endocrinology And Metabolism
849,Journal Of Clinical Endocrinology And Metabolism
850,Molecular Endocrinology
851,European Respiratory Journal
852,European Journal Of Endocrinology
853,Faseb Journal
854,Faseb Journal
855,Faseb Journal
856,Faseb Journal
857,Journal Of Leukocyte Biology
858,The Faseb Journal
859,Faseb Journal
860,Faseb Journal
861,The Faseb Journal
862,The Faseb Journal
863,The Faseb Journal
864,Faseb Journal
865,Haematologica
866,Haematologica/the Haematology Journal
867,Frontiers In Auditory Cognitive Neuroscience
868,Frontiers In Behavioral Neuroscience
869,Frontiers In Behavioral Neuroscience
870,Frontiers In Brain Imaging Methods
871,Frontiers In Cellular Neuroscience
872,Frontiers In Cellular Neuroscience
873,Frontiers In Cognition
874,Frontiers In Cognitive Science
875,Frontiers In Decision Neuroscience
876,Frontiers In Developmental Psychology
877,Frontiers In Electrophysiology
878,Frontiers In Endocrinology
879,Frontiers In Genetics
880,Frontiers In Human Neuroscience
881,Frontiers In Human Neuroscience
882,Frontiers In Human Neuroscience
883,Frontiers In Human Neuroscience
884,Frontiers In Immunological Memory
885,Frontiers In Inflammation
886,Frontiers In Invertebrate Physiology
887,Frontiers In Molecular Neuroscience
888,Frontiers In Schizophrenia
889,Frontiers In Systems Neuroscience
890,Frontiers In Integrative Neuroscience
891,Frontiers In Perception Science
892,Frontiers In Brain Imaging Methods
893,Frontiers In Consciousness Research
894,Frontiers In Immunology
895,Frontiers In Neural Circuits
896,Frontiers In Neurorobotics
897,Frontiers In T Cell Biology
898,Frontiers In Human Neuroscience
899,Future Neurology
900,Future Virology
901,Future Virology
902,Future Microbiology
903,Future Medicinal Chemistry
904,Future Medicinal Chemistry
905,International Journal Of Rheumatology
906,Journal Of Allergy
907,Journal Of Parasitology Research
908,Oxidative Medicine & Cellular Longevity
909,Methods In Molecular Biology
910,Oncotarget
911,Oncotarget
912,Molecular Membrane Biology
913,Expert Reviews In Anti-infective Chemotherapy
914,Nanotechnology
915,Nanotechnology
916,Journal Of The International Aids Society
917,Journal Of The International Aids Society
918,Ijtld
919,International Journal Of Tuberculosis And Lung Disease
920,Acta Crystallographica Section D: Biological Crystallography
921,"Acta Crystallographica, Section D"
922,Acta Crystallography D
923,Acta D
924,Acta F
925,Journal of Synchrotron Radiat.
926,Journal Of Applied Crystallography
927,"Acta Crystallographica Section D, Biological Crystallography"
928,Acta Crystallographica Section F: Structural Biology And Crystallization Communications
929,Acta Crystallographica Section F: Structural Biology And Crystallization Communications
930,Physics In Biology And Medicine
931,Journal Of Alzheimer Disease
932,Theranostics
933,Journal of Medical Internet Research
934,American Journal Of Medical Genetics
935,Cellular Microbiology
936,Genetic Epidemiology
937,The Journal Of Pathology
938,Cellular Microbiology
939,Cellular Microbiology
940,European Journal Of Immunology
941,Genetic Epidemiology
942,Journal Of Depression & Anxiety
943,Journal Of Depression & Anxiety
944,Journal Of Pathology
945,Journal Of Physiology
946,Clinical And Experimental Allergy
947,Embo Molecular Medicine
948,Biopolymers
949,Development Science
950,Journal Of Medical Virology
951,Molecular Microbiology
952,"Population, Space And Place"
953,Traffic
954,Tropical Medicine And International Health
955,Tropical Medicine And International Health
956,The Journal Of Physiology
957,Hepatology
958,Embo Molecular Medicine
959,Bulletin Of The History Of Medicine
960,National Academy Of Sciences
961,Journal Of Visualized Experiments
962,Journal Of Visualized Experiments
963,Journal Of Neurology & Translational Neuroscience
964,Nephron Physiology
965,Neurodegenerative Diseases
966,Neuroepidemiology
967,Neuropsychobiology
968,Respiration
969,Autophagy
970,Cell Adhesion And Migration
971,Cell Cycle
972,Cell Cycle
973,Cell Cycle
974,Cell Cycle
975,Channels
976,Epigenetics
977,Epigenetics
978,Epigenetics
979,Epigenetics
980,Rna Biology
981,Rna Biology
982,Rna Biology
983,Cell Cycle
984,Cell Cycle
985,Neurology
986,Nan
987,Antioxidants & Redox Signaling
988,Antioxidants And Redox Signaling
989,Tissue Engineering: Part A
990,Antioxidants And Redox Signaling
991,Stem Cells And Development
992,International Journal Of Molecular Sciences
993,Jerph
994,Sensors
995,Journal Of Cognitive Neuroscience
996,The Journal Of Cognitive Neuroscience
997,Journal Of Visualized Experiements
998,Journal Of Visualized Experiments
999,Journal Of Visulaized Expermiments
1000,Journal Of Visualized Experiments
1001,Journal Of Visualized Experiments
1002,Pnas
1003,Pnas (proceedings Of The National Academy Of Sciences Of The United States Of America
1004,Proceddings Of The National Academy Of Sciences Of Usa
1005,Proceedings Of The National Academy Of Sciences
1006,Proceedings Of The National Academy Of Sciences
1007,Proceedings Of The National Academy Of Sciences
1008,Proceedings Of The National Academy Of Sciences
1009,Proceedings Of The National Academy Of Sciences
1010,Proceedings Of The National Academy Of Sciences
1011,Proceedings Of The National Academy Of Sciences
1012,Proceedings Of The National Academy Of Sciences
1013,Proceedings Of The National Academy Of Sciences
1014,Proceedings Of The National Academy Of Sciences
1015,Proceedings Of The National Academy Of Sciences
1016,Proceedings Of The National Academy Of Sciences Of The United States Of America
1017,Proceedings Of The National Academy Of Sciences
1018,Proceedings Of The National Academy Of Sciences
1019,Proceedings Of The National Academy Of Sciences Of The United States Of America
1020,Proceedings Of The National Academy Of Sciences Of The United States Of America
1021,Pnas
1022,Pnas
1023,Proceedings Of The National Academy Of Sciences
1024,Proceedings Of The National Academy Of Sciences
1025,Proceedings Of The National Academy Of Sciences
1026,Biosocieties
1027,British Journal Of Cancer
1028,British Journal Of Cancer
1029,Cell Death & Disease
1030,Cell Death & Disease
1031,Cell Death & Disease
1032,Cell Death And Differentiation
1033,Cell Death And Disease
1034,Frontiers
1035,Gene Therapy
1036,Genetics In Medicine
1037,Journal Of Cerebral Blood Flow And Metabolism
1038,Journal Of Cerebral Blood Flow And Metabolism
1039,Journal Of Investigative Dermatology
1040,Mucosal Immunology
1041,Nature Communications
1042,Nature Communications
1043,Nature Communications
1044,Nature Communications
1045,Nature Communications
1046,Nature Communications
1047,Nature Communications
1048,Scientific Reports
1049,Scientific Reports
1050,Cell Death And Disease
1051,Embo Reports
1052,European Journal Of Human Genetics
1053,Leukemia
1054,Nature Communications
1055,Nature Neuroscience
1056,Cell Death Differentiation
1057,Embo
1058,Embo Journal
1059,Embo Journal
1060,Embo Journal
1061,Embo Journal
1062,Embo Journal
1063,Embo Journal
1064,Embo Reports
1065,Embo Reports
1066,European Journal Of Human Genetics
1067,Genetics In Medicine
1068,International Journal Of Obesity
1069,Journal Of Investigative Dermatology
1070,Journal Of Investigative Dermatology
1071,Journal Of Investigative Dermatology
1072,Kidney International
1073,Kidney International
1074,Leukemia
1075,Mucosal Immunology
1076,Nature Communications
1077,Nature Communications
1078,Nature Communications
1079,Nature Communications
1080,Nature Communications
1081,Nature Communications
1082,Nature Communications
1083,Nature Communications
1084,Nature Communications
1085,Nature Communications
1086,Nature Scientific Reports
1087,Neuropsychopharmacology
1088,Neuropsychopharmacology
1089,Neuropsychopharmacology
1090,Neuropsychopharmacology
1091,Neuropsychopharmacology
1092,Oncogene
1093,Oncogene
1094,Oncogene
1095,Sci Rep
1096,Scientific Reports
1097,Scientific Reports-11-00861b
1098,The Embo Journal
1099,The Embo Journal
1100,The Journal Of Investigative Dermatology
1101,Translational Psychiatry
1102,Translational Psychiatry
1103,Mucosal Immunology
1104,Mucosal Immunology
1105,Nature Communications
1106,Embo Journal
1107,Journal Of The International Aids Society
1108,Optics Express
1109,Alcohol And Alcoholism
1110,American Jnl Epidemiology
1111,American Journal Of Epidemiology
1112,American Journal Of Epidemiology
1113,Brain
1114,Brain
1115,Brain
1116,Brain
1117,Brain
1118,Brain
1119,Brain
1120,Brain
1121,Brain
1122,Briefings In Bioinformatics
1123,British Medical Bulletin
1124,Cerebral Cortex
1125,Cerebral Cortex
1126,Cerebral Cortex
1127,Cerebral Cortex
1128,Clinical Infectious Diseases
1129,Clinical Infectious Diseases
1130,Clinical Infectious Diseases Online
1131,European Heart Journal Online
1132,Health Policy Planning
1133,Human Molecular Genetics
1134,Human Molecular Genetics
1135,Human Molecular Genetics
1136,Human Molecular Genetics
1137,Human Molecular Genetics
1138,Human Molecular Genetics
1139,Int Journal of Epidemiol
1140,International Joural Of Epidemiology
1141,International Journal Of Epidemiology
1142,International Journal Of Epidemiology
1143,Journal Of Antimicrobial Chemotherapy
1144,Journal Of Infectious Diseases
1145,Journal Of Infectious Diseases
1146,Journal Of Infectious Diseases
1147,Journal Of The National Cancer Institute
1148,Nucleic Acids Research
1149,Nucleic Acids Research
1150,Nucleic Acids Research
1151,Nucleic Acids Research
1152,Nucleic Acids Research
1153,Nucleic Acids Research
1154,Nucleic Acids Research
1155,Nucleic Acids Research
1156,Nucleic Acids Research
1157,Nucleic Acids Research
1158,Nucleic Acids Research
1159,Public Health Ethics
1160,Rheumatology
1161,Rheumatology
1162,Schizophrenia Bulletin
1163,Social Cognitive And Affective Neuroscience
1164,Social Cognitive And Affective Neuroscience
1165,Brain
1166,Cardiovascular Research
1167,Clinical Infectious Diseases
1168,Clinicla Infectious Disease
1169,Glycobiology
1170,Human Molecular Genetics
1171,Human Molecular Genetics
1172,Human Molecular Genetics
1173,Inyernational Journal Of Epidemiology
1174,Journal Of Antimicrobial Chemotherapy
1175,Journal Of Gerontology Series A: Medical Sciences
1176,Journal Of Public Health
1177,Molecular Biology And Evolution
1178,Nicotine And Tobaco Research
1179,Social History Of Medicine
1180,Social History Of Medicine
1181,Human Molecular Genetics
1182,Bioinformatics Online
1183,Cerebral Cortex Print
1184,Human Molecular Genetics Online
1185,Journal Of Infectious Diseases
1186,Age And Ageing
1187,American Journal Of Epidemiology
1188,Bioinformatics
1189,Bioinformatics
1190,Bioinformatics
1191,Bioinformatics
1192,Bioinformatics
1193,Bioinformatics Online
1194,Bioinformatics Online
1195,Brain
1196,Brain
1197,Brain
1198,Brain
1199,Brain Online
1200,Brain Online
1201,Brain Online
1202,Brain Online
1203,Briefings In Functional Genomics
1204,Briefings In Functional Genomics
1205,British Medical Journal
1206,Cerebral Cortex
1207,Cerebral Cortex
1208,Cerebral Cortex
1209,Cerebral Cortex Online
1210,Cerebral Cortex Online
1211,Cerebral Cortex Online
1212,Clinical Infectious Diseases
1213,Database
1214,European Journal Of Public Health
1215,Glycobiology
1216,Health Promotion International
1217,History Workshop Journal
1218,Human Molecular Genetics
1219,Human Molecular Genetics
1220,Human Molecular Genetics
1221,Human Molecular Genetics
1222,Human Molecular Genetics
1223,Human Molecular Genetics
1224,Human Molecular Genetics
1225,Human Molecular Genetics Online
1226,Human Reproduction
1227,International Immunology
1228,International Journal Of Epidemiology
1229,International Journal Of Epidemiology
1230,International Journal Of Epidemiology
1231,Journal Of Infectious Diseases
1232,Journal Of Infectious Diseases
1233,Journal Of The National Cancer Institute
1234,Medical Law Review
1235,Molecular Biol And Evolution
1236,Nephrology Dialysis And Transplantation
1237,Nephrology Dialysis Transplantation
1238,Nucleic Acids Research
1239,Nucleic Acids Research
1240,Nucleic Acids Research
1241,Nucleic Acids Research
1242,Nucleic Acids Research
1243,Nucleic Acids Research
1244,Nucleic Acids Research
1245,Nucleic Acids Research
1246,Nucleic Acids Research
1247,Nucleic Acids Research
1248,Nucleic Acids Research
1249,Nucleic Acids Research
1250,Nucleic Acids Research
1251,Nucleic Acids Research
1252,Nucleic Acids Research
1253,Nucleic Acids Research
1254,Nucleic Acids Research
1255,Oxford Journals
1256,Oxford University Press
1257,"Protein Engineering, Design And Selection ("
1258,Qjm: An International Journal Of Medicine
1259,Qjm: An International Journal Of Medicine
1260,Schizophrenia Bulletin
1261,Social Cognitive And Affective Neuroscience
1262,Social History Of Medicine
1263,Social History Of Medicine
1264,The Journal Of Infectious Diseases
1265,Clinical Infectious Diseases
1266,Journal of Infect Dis
1267,Molecular Biology And Evolution
1268,Cardiovascular Research
1269,Human Molecular Genetics
1270,Human Molecular Genetics
1271,Schizophrenia Bulletin
1272,Cardiovascular Research
1273,Journal Of Infectious Diseases
1274,Nucleic Acids Research
1275,Medical Law Review
1276,Biosocieties
1277,Environment And Planning A
1278,Plos Computational Biology
1279,Plos Genetics
1280,Plos Genetics
1281,Plos Ntd
1282,Plos One
1283,Plos One
1284,Plos One
1285,Plos One
1286,Plos One
1287,Plos One
1288,Plos One
1289,Plos One
1290,Plos One
1291,Plos One
1292,Plos One
1293,Plos One
1294,Plos One
1295,Plos One
1296,Plos One
1297,Plos One
1298,Plos One
1299,Plos One
1300,Plos Pathogens
1301,Plos Pathogens
1302,Plos Genetics
1303,Plos One
1304,Plos One
1305,Plos One
1306,Plos Genetics
1307,National Academy Of Sciences
1308,Pnas
1309,Pnas
1310,Pnas Usa
1311,Proceedings Of The National Academy Of Sciences
1312,Proceedings Of The National Academy Of Sciences
1313,Proceedings Of The National Academy Of Sciences Of The Usa
1314,Proc Natl Acad Sci U S A.
1315,Proceedings Of The National Academy Of Sciences
1316,Journal Of Poverty And Social Justice
1317,Asn Neuro
1318,Biochemical Journal
1319,Biochemical Journal
1320,Biochemical Journal
1321,Biochemical Journal
1322,Biochemical Journal
1323,Biochemical Society Transactions
1324,Biochemical Society Transactions
1325,Essays In Biochemistry
1326,The Biochemical Journal
1327,The Biochemical Journal
1328,Biochem Soc Trans
1329,Biochemical Journal
1330,Biochemical Journal
1331,Biochemical Journal
1332,Biochemical Journal
1333,Biochemical Journal
1334,Biochemical Journal
1335,Biochemical Journal
1336,Biochemical Journal
1337,Biochemical Society Transactions
1338,Bioscience Reports
1339,National Academy Of Sciences
1340,Proceedings Of The National Academy Of Sciences (pnas)
1341,Biology
1342,Computational Biology
1343,Neglected Tropical Disease
1344,Neglected Tropical Disease
1345,Plos
1346,Plos One
1347,Plos
1348,Plos
1349,Plos Computational Biology
1350,Plos One
1351,Plos 1
1352,Plos 1
1353,Plos 1
1354,Plos 1
1355,Plos 1
1356,Plos 1
1357,Plos 1
1358,Plos Biology
1359,Plos Biology
1360,Plos Computational Biology
1361,Plos Computational Biology
1362,Plos Computational Biology
1363,Plos Computational Biology
1364,Plos Computational Biology
1365,Plos Computational Biology
1366,Plos Computational Biology
1367,Plos Computational Biology
1368,Plos Genetics
1369,Plos Genetics
1370,Plos Genetics
1371,Plos Genetics
1372,Plos Genetics
1373,Plos Genetics
1374,Plos Genetics
1375,Plos Genetics
1376,Plos Genetics
1377,Plos Genetics
1378,Plos Genetics
1379,Plos Genetics
1380,Plos Genetics
1381,Plos Genetics
1382,Plos Genetics
1383,Plos Genetics
1384,Plos Genetics
1385,Plos Genetics
1386,Plos Genetics
1387,Plos Genetics
1388,Plos Medicine
1389,Plos Medicine
1390,Plos Medicine
1391,Plos Medicine
1392,Plos Medicine Journal
1393,Plos Negected Tropical Diseases
1394,Plos Neglected Tropical Diseases
1395,Plos Neglected Tropical Diseases
1396,Plos Neglected Tropical Diseases
1397,Plos Neglected Tropical Diseases
1398,Plos Neglected Tropical Diseases
1399,Plos Neglected Tropical Diseases
1400,Plos Neglected Tropical Diseases
1401,Plos Neglected Tropical Diseases
1402,Plos Neglected Tropical Diseases
1403,Plos Neglected Tropical Diseases
1404,Plos Neglected Tropical Diseases
1405,Plos Neglected Tropical Diseases
1406,Plos Neglected Tropical Diseases
1407,Plos Neglected Tropical Diseases
1408,Plos Neglected Tropical Diseases
1409,Plos Neglected Tropical Diseases
1410,Plos Neglected Tropical Diseases
1411,Plos Neglected Tropical Diseases
1412,Plos Neglected Tropical Diseases
1413,Plos Neglected Tropical Diseases
1414,Plos One
1415,Plos One
1416,Plos One
1417,Plos One
1418,Plos One
1419,Plos One
1420,Plos One
1421,Plos One
1422,Plos One
1423,Plos One
1424,Plos One
1425,Plos One
1426,Plos One
1427,Plos One
1428,Plos One
1429,Plos One
1430,Plos One
1431,Plos One
1432,Plos One
1433,Plos One
1434,Plos One
1435,Plos One
1436,Plos One
1437,Plos One
1438,Plos One
1439,Plos One
1440,Plos One
1441,Plos One
1442,Plos One
1443,Plos One
1444,Plos One
1445,Plos One
1446,Plos One
1447,Plos One
1448,Plos One
1449,Plos One
1450,Plos One
1451,Plos One
1452,Plos One
1453,Plos One
1454,Plos One
1455,Plos One
1456,Plos One
1457,Plos One
1458,Plos One
1459,Plos One
1460,Plos One
1461,Plos One
1462,Plos One
1463,Plos One
1464,Plos One
1465,Plos One
1466,Plos One
1467,Plos One
1468,Plos One
1469,Plos One
1470,Plos One
1471,Plos One
1472,Plos One
1473,Plos One
1474,Plos One
1475,Plos One
1476,Plos One
1477,Plos One
1478,Plos One
1479,Plos One
1480,Plos One
1481,Plos One
1482,Plos One
1483,Plos One
1484,Plos One
1485,Plos One
1486,Plos One
1487,Plos One
1488,Plos One
1489,Plos One
1490,Plos One
1491,Plos One
1492,Plos One
1493,Plos One
1494,Plos One
1495,Plos One
1496,Plos One
1497,Plos One
1498,Plos One
1499,Plos One
1500,Plos One
1501,Plos One
1502,Plos One
1503,Plos One
1504,Plos One
1505,Plos One
1506,Plos One
1507,Plos One
1508,Plos One
1509,Plos One
1510,Plos One
1511,Plos One
1512,Plos One
1513,Plos One
1514,Plos One
1515,Plos One
1516,Plos One
1517,Plos One
1518,Plos One
1519,Plos One
1520,Plos One
1521,Plos One
1522,Plos One
1523,Plos One
1524,Plos One
1525,Plos One
1526,Plos One
1527,Plos One
1528,Plos One
1529,Plos One
1530,Plos One
1531,Plos One
1532,Plos One
1533,Plos One
1534,Plos One
1535,Plos One
1536,Plos One
1537,Plos One
1538,Plos One
1539,Plos One
1540,Plos One
1541,Plos One
1542,Plos One
1543,Plos One
1544,Plos One
1545,Plos One
1546,Plos One
1547,Plos One
1548,Plos One
1549,Plos One
1550,Plos One
1551,Plos One
1552,Plos One
1553,Plos One
1554,Plos One
1555,Plos One
1556,Plos One
1557,Plos One
1558,Plos One
1559,Plos One
1560,Plos One
1561,Plos One
1562,Plos One
1563,Plos One
1564,Plos One
1565,Plos One
1566,Plos One
1567,Plos One
1568,Plos One
1569,Plos One
1570,Plos One
1571,Plos One
1572,Plos One
1573,Plos One
1574,Plos One
1575,Plos One
1576,Plos One
1577,Plos One
1578,Plos One
1579,Plos One
1580,Plos One
1581,Plos One
1582,Plos One
1583,Plos Pathogens
1584,Plos Pathogens
1585,Plos Pathogens
1586,Plos Pathogens
1587,Plos Pathogens
1588,Plos Pathogens
1589,Plos Pathogens
1590,Plos Pathogens
1591,Plos Pathogens
1592,Plos Pathogens
1593,Plos Pathogens
1594,Plos Pathogens
1595,Plos Pathogens
1596,Plos Pathogens
1597,Plos Pathogens
1598,Plos Pathogens
1599,Plos Pathogens
1600,Plos Pathogens
1601,Plos Pathogens
1602,Plos Pathogens
1603,Plos Pathogens
1604,Plos Pathogens
1605,Plosone
1606,Plosone
1607,Plosone
1608,Plosone
1609,Plosone
1610,Plosone
1611,Plosone
1612,Plosone
1613,Plosone
1614,Pmedicine-d-12-03130
1615,Pntd
1616,Pone-d12-17947
1617,Public Library Of Science
1618,Public Library Of Science One
1619,Public Service Review
1620,Molecular Endocrinology
1621,Cortex
1622,Malaria Journal
1623,Journal of Cardiovasc Magn Reson
1624,British Journal Of Psychiatry
1625,Britsh Journal Of Psychiatry
1626,The British Journal Of Psychiatry
1627,The British Journal Of Psychiatry
1628,Biology Letters
1629,Biology Letters
1630,Biology Letters
1631,Biology Letters
1632,Interface
1633,Journal Of The Royal Society Interface
1634,Journal Of The Royal Society Interface
1635,Journal Of The Royal Society Interface
1636,Journal Of The Royal Society Interface
1637,Journal Of The Royal Society Interface
1638,"Journal Of The Royal Society, Interface"
1639,Philos Trans R Soc London B Biol Sci
1640,Philosophical Transactions B
1641,Philosophical Transactions B
1642,Proceedings B
1643,Proceedings Of Royal Society
1644,Proceedings Of The Royal Society
1645,Proceedings Of The Royal Society B: Biological Sciences
1646,Proceedings Of The Royal Society B: Biological Sciences
1647,Proceedings Of The Royal Society B: Biological Sciences
1648,Proceedings Of The Royal Society B: Biological Sciences
1649,Proceedings Of The Royal Society B: Biological Sciences
1650,Chemical Communication
1651,Chemical Society Reviews
1652,Dalton Transactions
1653,Photochemical & Photobiological Sciences
1654,Organic & Biomolecular Chemistry
1655,Chronic Illness
1656,Chronic Illness
1657,Chronic Illness
1658,European Journal Of Preventive Cardiology
1659,"Health: An Interdisciplinary Journal For The Social Study Of Health, Illness And Medicine"
1660,History Of The Human Sciences
1661,History Of The Human Sciences
1662,History Of The Human Sciences
1663,History Of The Human Sciences
1664,History Of The Human Sciences
1665,Journal Of Histochemistry & Cytochemistry
1666,Neuroscientist
1667,Psychological Science
1668,Social Studies Of Science
1669,Journal Of Psychopharmacology
1670,Reproductive Sciences
1671,Psychological Science
1672,Journal Of The Royal Society Of Medicine Short Reports
1673,Journal Of The Royal Society Of Medicine Short Reports
1674,European History Quarterly
1675,Qualitative Research
1676,International Journal Of Financial Research
1677,Journal Of Biomedical Graphics And Computing
1678,Health
1679,American Journal Of Tropical Medicine & Hygiene
1680,American Journal Of Tropical Medicine & Hygiene
1681,American Journal Of Tropical Medicine & Hygiene
1682,Endocrine Related Cancer
1683,Journal Of General Virology
1684,Journal Of General Virology
1685,Journal Of General Virology
1686,Journal Of General Virology
1687,Journal Of General Virology
1688,Journal Of General Virology
1689,Journal Of General Virology
1690,Journal Of General Virology
1691,Journal Of General Virology
1692,Journal Of General Virology
1693,Journal Of Microbiology
1694,Microbiology
1695,Microbiology
1696,Sgm Open Option
1697,Journal Of General Virology
1698,Journal Of Leukocyte Biology
1699,Journal Of Neuroscience
1700,Journal Of Neuroscience
1701,Journal Of Neuroscience
1702,Journal Of Neuroscience
1703,Journal Of Neuroscience
1704,Journal Of Neuroscience
1705,Journal Of Neuroscience
1706,Journal Of Neuroscience
1707,Journal Of Neuroscience
1708,Journal Of Neuroscience
1709,The Journal Of Neuroscience
1710,Journal Of Neuroscience
1711,Acta Dermato Venereologica
1712,Microbiology
1713,Journal Of Leukocyte Biology
1714,The Journal Of Neuroscience
1715,Journal Of Neuroscience
1716,Acta Diabetologica
1717,Acta Neuropathol
1718,Acta Neuropathologica
1719,Acta Neuropathologica
1720,Acta Neuropathologica
1721,Advances In Experimental Medicine And Biology
1722,Advances In Experimental Medicine And Biology
1723,Advances In Experimental Medicine And Biology
1724,Advances In Experimental Medicine And Biology
1725,Anal Bioanal Chem.
1726,Biogerontology
1727,Biomedical Microdevices
1728,Brain Structure And Function
1729,Brain Topography
1730,Calcified Tissue International
1731,Cell And Tissue Research
1732,Cellular And Molecular Cell Sciences
1733,Cellular And Molecular Life Sciences
1734,Cellular And Molecular Life Sciences
1735,Cellular And Molecular Life Sciences
1736,Cellular And Molecular Life Sciences
1737,Cellular And Molecular Life Sciences
1738,Chromosome Research
1739,Cognitive Processing
1740,Cognitive Therapy And Research
1741,Current Atherosclerosis Reports
1742,Current Atherosclerosis Reports
1743,Current Obstetrics And Gynecology Reports
1744,Development Genes And Evolution
1745,Diabetologia
1746,Diabetologia
1747,Diabetologia
1748,European Child And Adolescent Psychiatry
1749,European Child And Adolescent Psychiatty
1750,European Journal Of Clinical Pharmacology
1751,European Journal Of Epidemiology
1752,European Journal Of Epidemiology
1753,European Radiology
1754,Experimental Brain Research
1755,Experimental Brain Research
1756,Hernia
1757,Immunogenetics
1758,Immunogenetics
1759,Inflammation Research
1760,Journal Of Autism And Development Disorders
1761,Journal Of Autism And Developmental Disorders
1762,Journal Of Bioethical Inquiry
1763,Journal Of Biological Physics
1764,Journal Of Computational Neuroscience
1765,Journal Of Inherited Metabolic
1766,Journal Of Molecular Neuroscience
1767,Journal Of Neurology
1768,Journal Of Neurology
1769,Journal Of Neurology
1770,Journal Of Neurology
1771,Journal Of The Association For Research In Otolaryngology
1772,Mammalian Genome
1773,Metabolomics
1774,Molecular And Cellular Biochemistry
1775,Neurogenetics
1776,Neuroinformatics
1777,Neuromolecular Medicine
1778,Osteoporosis International
1779,Pflugers Archiv
1780,Pflugers Archiv
1781,Psychopharmacology
1782,Psychopharmacology
1783,Psychopharmacology
1784,Reproductive Medicine And Biology
1785,Seminars In Immunopathology
1786,Social Psychiatry & Psychiatric Epidemiology
1787,Social Psychiatry And Psychiatric Epidemiol
1788,Social Psychiatry And Psychiatric Epidemiol
1789,Social Psychiatry And Psychiatric Epidemiology
1790,Social Psychiatry And Psychiatric Epidemiology
1791,Social Psychiatry And Psychiatric Epidemiology
1792,Social Psychiatry And Psychiatric Epidemiology
1793,Springer
1794,The Journal Of Abnormal Child Psychology And Psychiatry
1795,Tropical Animal Health & Production
1796,Urolithiasis
1797,Aids Behav
1798,Open Choice
1799,Open Choice
1800,Springer Science + Business Media
1801,Journal Of Bioenergetics And Biomembranes
1802,Childs Nerv Syst
1803,Age
1804,Biomolecular Nmr Assignments
1805,Journal Of Molecular Medicine
1806,Journal Of Neural Transmission
1807,Journal Of The American Society For Mass Spectrometry
1808,Age
1809,Biomolecular Nmr Assignments
1810,Azania: Archaeological Research In Africa
1811,Aids Care
1812,Aids Care
1813,Aids Care
1814,Annals Of Science
1815,Canadian Journal Of African Studies
1816,Child Neuropsychology
1817,English Studies
1818,European Journal Of English Studies
1819,Journal Of Cultural Economy
1820,Medical Anthropology
1821,Science As Culture
1822,Am Journal of Bioeth
1823,Ethn Health
1824,Aids Care
1825,American Journal Of Bioethics--neuroscience
1826,South Asian History And Culture
1827,The History Of The Family
1828,Journal Of Experimental Nanoscience
1829,Journal of Medical Chem.
1830,Journal of Medical Chem.
1831,Journal of Medical Chem.
1832,Journal of Medical Chem.
1833,Journal Of Applied Physiology
1834,Molecular & Cellular Proteomics
1835,Jnl Biological Chemistry
1836,Pediatrics
1837,Virology
1838,Biology Open
1839,Disease Models And Mechanisms
1840,Biol Open
1841,Biology Open
1842,Development
1843,Journal Of Cell Science
1844,Development
1845,Endocrinology
1846,Endocrinology
1847,Endocrinology
1848,Endocrinology
1849,Journal Of Clinical Endocrinology
1850,Journal Of Clinical Endocrinology And Metabolism
1851,Journal Of Clinical Endocrinology And Metabolism
1852,Journal Of Clinical Endocrinology And Metabolism
1853,Journal Of Clinical Endocrinology And Metabolism
1854,Journal Od Clinical Endocrinology
1855,The Journal Of Visualized Experiments
1856,Bjp
1857,British Journal Of Psychiatry
1858,Journal Of The Royal Society Interface
1859,"Philosophical Transactions Of The Royal Society Of London. Series B, Biological Sciences"
1860,Proceedings B
1861,Proceedings Of The Royal Society B: Biological Sciences
1862,Proceedings Of The Royal Society B: Biological Sciences
1863,Proceedings Of The Royal Society B: Biological Sciences
1864,Rstb 2012.0145
1865,Cancer Research
1866,Science-research
1867,Science-research
1868,Am Journal of Trop Medical Hyg
1869,Developing World Bioethics
1870,International Journal Of Developmental Biology
1871,Acta Physiol
1872,Addiction
1873,Addiction
1874,Aging Cell
1875,Alimentrary Pharmacology & Therapeutics
1876,Alimentrary Pharmacology & Therapeutics
1877,American Ethnologist
1878,American Journal Of Medical Genetics Part A
1879,Angewande Chemie
1880,Angewande Chemie
1881,Annals Of Human Genetics
1882,Annals Of Neurology
1883,Annals Of Neurology
1884,Annals Of Neurology
1885,Annals Of Neurology
1886,Annals Of The New York Academy Of Sciences
1887,Annals Of The New York Academy Of Sciences
1888,Arthritis & Rheumatism
1889,Arthritis & Rheumatism
1890,Arthritis & Rheumatism
1891,Arthritis And Rheumatism
1892,Arthritis And Rheumatism
1893,Bioethics
1894,Bioethics
1895,Bioethics
1896,Biopolymers
1897,Birth Defects Research Part A: Clinical And Molecular Teratology
1898,Birth Defects Research Part A: Clinical And Molecular Teratology
1899,British Journal Of Clinical Pharmacology
1900,British Journal Of Dermatology
1901,British Journal Of Haematology
1902,British Journal Of Pharmacology
1903,British Journal Of Pharmacology
1904,British Journal Of Pharmacology
1905,Cellular Microbiology
1906,Chembiochem
1907,Chembiochem
1908,Chembiochem
1909,Chemistry - European Journal
1910,Child Psychology Psychiatry
1911,Clinical Genetics
1912,Cytoskeleton
1913,Developing World Bioethics
1914,Development Dynamics
1915,Development Science
1916,Diabetic Medicine
1917,Diabetic Medicine
1918,Diabetic Medicine
1919,Ecology And Evolution
1920,Ecology Letters
1921,Embo Molecular Medicine
1922,Epilepsia
1923,European Journal Of Immunology
1924,European Journal Of Immunology
1925,European Journal Of Neuroscience
1926,Evolution
1927,Evolution
1928,Experimental Physiology
1929,Febs J.
1930,Febs J.
1931,Febs Journal
1932,Febs Journal
1933,Fems Microbiology Letters
1934,Fems Microbiology Letters
1935,Genes Brain Behaviour
1936,Genesis: Journal Of Genetics
1937,Glia
1938,Glia
1939,Hbm Jnl Human Brain Mapping
1940,Hepatology
1941,Hepatology
1942,Hepatology
1943,Hepatology
1944,Hepatology
1945,Hippocampus
1946,Hippocampus
1947,Hippocampus
1948,Human Brain Mapping
1949,Human Mutation
1950,"Human Mutation: Variation, Informatics, And Disease"
1951,Immunological Reviews
1952,Inflammatory Bowel Diseases
1953,International Journal Of Geriatric Psychiatry
1954,International Journal Of Stroke
1955,Journal Of Bone And Mineral Research
1956,Journal Of Cellular Biochemistry
1957,Journal Of Child Psychology And Psychiatry
1958,Journal Of Evolutionary Biology
1959,Journal Of Neurochemistry
1960,Journal Of Neurochemistry
1961,Journal Of Neurochemistry
1962,Journal Of Neurochemistry
1963,Journal Of Neuroendocrinology
1964,Journal Of Pathology
1965,Journal Of Pathology
1966,Journal Of Physiology
1967,Journal Of Physiology
1968,Journal Of Physiology
1969,Journal Of The History Of The Behavioral Sciences
1970,Journal Of The Royal Statistical Society: Series C (applied Statistics)
1971,Magnetic Resonance In Medicine
1972,Magnetic Resonance In Medicine
1973,Molecular Microbiology
1974,Molecular Microbiology
1975,Movement Disorders
1976,Movement Disorders
1977,Movement Disorders
1978,Movement Disorders
1979,Movement Disorders
1980,Movement Disorders
1981,Movement Disorders
1982,Movement Disorders
1983,Movement Disorders
1984,Movement Disorders
1985,Movement Disorders
1986,Movement Disorders
1987,Movement Disorders
1988,Movement Disorders
1989,Movement Disorders
1990,Muscle And Nerve
1991,Neuropathology And Applied Neurobiology
1992,Nmr In Biomedicine
1993,Parasite Immunology
1994,Parasite Immunology
1995,Plant Biotechnology Journal
1996,Protein Science
1997,Protein Science
1998,Rapid Communications In Mass Spectrometry
1999,Sociology Of Health & Illness
2000,Stem Cells
2001,Stem Cells
2002,The Febs Journal
2003,Traffic
2004,Tropical Medicine And International Health
2005,Tropical Medicine And International Health
2006,Tropical Medicine And International Health
2007,American Ethnologist
2008,Bioethics
2009,Brt Jnl Clinical Pharmacology
2010,"Child: Care, Health Development"
2011,Developing World Bioethics
2012,Drug And Alcohol Review
2013,Evolutionary Applications
2014,Hepatology
2015,Molecular Genetics & Genomic Medicine
2016,Molecular Microbiology
2017,Traffic
2018,Tropical Medicine And International Health
2019,Maternal And Child Nutrition
2020,Evaluation In Clinical Practice
2021,Febs Journal
2022,Journal Of Neurochemistry
2023,Traffic
2024,British Journal Of Dermatology
2025,European Journal Of Immunology
2026,European Journal Of Immunology
2027,Genes Brain Behaviour
2028,Journal Of Cell Physiology
2029,Journal Of Internal Medicine
2030,Journal Of Physiology
2031,Journal Of Sleep Research
2032,Sociology Of Health & Illness
2033,"Child: Care, Heath & Development"
2034,Dev World Bioeth.
2035,Dev World Bioeth.
2036,Dev World Bioeth.
2037,Dev World Bioeth.
2038,Dev World Bioeth.
2039,Epilepsia
2040,Epilepsia
2041,Eur Journal of Immunol
2042,Influenza Other Respi Viruses.
2043,Journal Of Medical Virology
2044,Marten Child Nutr
2045,Trop Medical Int Health
2046,Clinical Transcriptional Science
2047,Hippocampus
2048,Stem Cells
2049,European Journal Of Immunology
2050,Immunology
2051,Acta Opthalmologica
2052,American Journal Of Transplantation
2053,American Journal Of Transplantation
2054,Angewandte Chemie International Edition
2055,Angewandte Chemie International Edition
2056,Angewandte Chemie International Edition
2057,Annals Of Neurology
2058,British Jounal Of Pharmacology
2059,British Journal Of Clinical Pharmacology
2060,British Journal Of Pharmacology
2061,British Journal Of Pharmacology
2062,Centaurus
2063,Chembiochem
2064,Criminal Behavior And Mental Health
2065,Depression And Anxiety
2066,Dermatologic Surgery
2067,Diabetic Medicine
2068,Economic History Review
2069,European Journal Of Immunology
2070,European Journal Of Immunology
2071,Febs Journal
2072,Fems Microbiology Letters
2073,Fems Microbiology Letters
2074,Genetic Epidemiology
2075,Genetic Epidemiology
2076,Hepatology
2077,Hepatology
2078,Hippocampus
2079,Hpb
2080,Human Mutation
2081,Immunology
2082,International Journal Of Experimental Pathology
2083,Journal Of Child Psychology And Psychiatry
2084,Journal Of Child Psychology And Psychiatry
2085,Journal Of Comparative Neurology
2086,Journal Of Evaluation In Clinical Practice
2087,Journal Of Evaluation In Clinical Practice
2088,Journal Of Microscopy
2089,Journal Of Orthopedic Research
2090,Journal Of Physiology
2091,Journal Of Physiology
2092,Journal Of Viral Hepatitis
2093,Molecular Biology
2094,Molecular Microbiology
2095,Molecular Microbiology
2096,Molecular Microbiology
2097,Molecular Microbiology
2098,Obesity Reviews
2099,Obesity Reviews
2100,Statistics In Medicine
2101,Stem Cells
2102,Synapse
2103,The European Journal Of Neuroscience
2104,Traffic
2105,Traffic
2106,Zoonoses And Public Health
2107,American Journal Of Transplantation
2108,Angew Chems Int Ed
2109,Chembiochem
2110,Chemmedchem
2111,Chemmedchem
2112,Chemmedchem
2113,Protemics
2114,Journal Of Small Animal Practice
2115,Aids
2116,Aids Journal
2117,Aids Uk
2118,Aids Uk
2119,Jaids Journal Of Acquired Immune Deficiency Syndromes
2120,Journal Of Acquired Immune Deficiency Syndroms (jaids)
2121,Journal Of Aids
2122,Circulation Research
2123,Aids
2124,Pediatr Infect Dis Journal of
2125,Aids
2126,Journal Of Acquired Immune Deficiency Syndromes
